{"cameraMode":{"drawMode":0,"name":"Shaded","section":"Shading Mode"},"sceneLighting":false,"audioPlay":false,"sceneViewState":{"showFog":true,"showMaterialUpdate":false,"showSkybox":true,"showFlares":true,"showImageEffects":true,"showParticleSystems":true},"in2DMode":false,"pivot":{"x":-0.3950061798095703,"y":-1.4683513641357422,"z":0.42980459332466128},"rotation":{"x":0.2513975203037262,"y":0.6473471522331238,"z":-0.23990018665790559,"w":0.6783722043037415},"size":19.470935821533204,"orthographic":false}