{"cameraMode":{"drawMode":0,"name":"Shaded","section":"Shading Mode"},"sceneLighting":false,"audioPlay":false,"sceneViewState":{"showFog":false,"showMaterialUpdate":false,"showSkybox":false,"showFlares":false,"showImageEffects":false,"showParticleSystems":true},"in2DMode":false,"pivot":{"x":2.010880947113037,"y":0.35112687945365908,"z":-2.772456645965576},"rotation":{"x":0.6877526640892029,"y":0.0032667340710759165,"z":-0.0030949395149946214,"w":0.7259312272071838},"size":18.75833511352539,"orthographic":true}