{"cameraMode":{"drawMode":0,"name":"Shaded","section":"Shading Mode"},"sceneLighting":true,"audioPlay":false,"sceneViewState":{"showFog":false,"showMaterialUpdate":false,"showSkybox":false,"showFlares":false,"showImageEffects":false,"showParticleSystems":true},"in2DMode":false,"pivot":{"x":1.6518303155899048,"y":1.420114517211914,"z":-0.5490552186965942},"rotation":{"x":0.07336597889661789,"y":0.9265721440315247,"z":-0.2663382291793823,"w":0.2552361786365509},"size":1.3970298767089844,"orthographic":true}