{"cameraMode":{"drawMode":0,"name":"Shaded","section":"Shading Mode"},"sceneLighting":false,"audioPlay":false,"sceneViewState":{"showFog":false,"showMaterialUpdate":false,"showSkybox":false,"showFlares":false,"showImageEffects":false,"showParticleSystems":true},"in2DMode":false,"pivot":{"x":4.184999942779541,"y":1.8299999237060547,"z":30.009998321533204},"rotation":{"x":0.15644021332263947,"y":0.8308032155036926,"z":-0.28959164023399355,"w":0.4488087296485901},"size":8.87821102142334,"orthographic":true}